sorted_shard_index,shard_path,trade_month,symbol,is_expected_symbol
1,raw_synthetic_l2_dense_full_year\trade_month=2026-01\symbol=ADANIPORTS\part-00000.parquet,2026-01,ADANIPORTS,True
2,raw_synthetic_l2_dense_full_year\trade_month=2026-01\symbol=AXISBANK\part-00000.parquet,2026-01,AXISBANK,True
3,raw_synthetic_l2_dense_full_year\trade_month=2026-01\symbol=BAJAJ-AUTO\part-00000.parquet,2026-01,BAJAJ-AUTO,True
4,raw_synthetic_l2_dense_full_year\trade_month=2026-01\symbol=BANKBEES\part-00000.parquet,2026-01,BANKBEES,True
5,raw_synthetic_l2_dense_full_year\trade_month=2026-01\symbol=BHARTIARTL\part-00000.parquet,2026-01,BHARTIARTL,True
6,raw_synthetic_l2_dense_full_year\trade_month=2026-01\symbol=BPCL\part-00000.parquet,2026-01,BPCL,True
7,raw_synthetic_l2_dense_full_year\trade_month=2026-01\symbol=BRITANNIA\part-00000.parquet,2026-01,BRITANNIA,True
8,raw_synthetic_l2_dense_full_year\trade_month=2026-01\symbol=CIPLA\part-00000.parquet,2026-01,CIPLA,True
9,raw_synthetic_l2_dense_full_year\trade_month=2026-01\symbol=DRREDDY\part-00000.parquet,2026-01,DRREDDY,True
10,raw_synthetic_l2_dense_full_year\trade_month=2026-01\symbol=GOLDBEES\part-00000.parquet,2026-01,GOLDBEES,True
11,raw_synthetic_l2_dense_full_year\trade_month=2026-01\symbol=HCLTECH\part-00000.parquet,2026-01,HCLTECH,True
12,raw_synthetic_l2_dense_full_year\trade_month=2026-01\symbol=HDFCBANK\part-00000.parquet,2026-01,HDFCBANK,True
13,raw_synthetic_l2_dense_full_year\trade_month=2026-01\symbol=HINDUNILVR\part-00000.parquet,2026-01,HINDUNILVR,True
14,raw_synthetic_l2_dense_full_year\trade_month=2026-01\symbol=ICICIBANK\part-00000.parquet,2026-01,ICICIBANK,True
15,raw_synthetic_l2_dense_full_year\trade_month=2026-01\symbol=INFY\part-00000.parquet,2026-01,INFY,True
16,raw_synthetic_l2_dense_full_year\trade_month=2026-01\symbol=ITBEES\part-00000.parquet,2026-01,ITBEES,True
17,raw_synthetic_l2_dense_full_year\trade_month=2026-01\symbol=ITC\part-00000.parquet,2026-01,ITC,True
18,raw_synthetic_l2_dense_full_year\trade_month=2026-01\symbol=JUNIORBEES\part-00000.parquet,2026-01,JUNIORBEES,True
19,raw_synthetic_l2_dense_full_year\trade_month=2026-01\symbol=KOTAKBANK\part-00000.parquet,2026-01,KOTAKBANK,True
20,raw_synthetic_l2_dense_full_year\trade_month=2026-01\symbol=LT\part-00000.parquet,2026-01,LT,True
21,raw_synthetic_l2_dense_full_year\trade_month=2026-01\symbol=M&M\part-00000.parquet,2026-01,M&M,True
22,raw_synthetic_l2_dense_full_year\trade_month=2026-01\symbol=MARUTI\part-00000.parquet,2026-01,MARUTI,True
23,raw_synthetic_l2_dense_full_year\trade_month=2026-01\symbol=NESTLEIND\part-00000.parquet,2026-01,NESTLEIND,True
24,raw_synthetic_l2_dense_full_year\trade_month=2026-01\symbol=NIFTYBEES\part-00000.parquet,2026-01,NIFTYBEES,True
25,raw_synthetic_l2_dense_full_year\trade_month=2026-01\symbol=ONGC\part-00000.parquet,2026-01,ONGC,True
26,raw_synthetic_l2_dense_full_year\trade_month=2026-01\symbol=RELIANCE\part-00000.parquet,2026-01,RELIANCE,True
27,raw_synthetic_l2_dense_full_year\trade_month=2026-01\symbol=SBIN\part-00000.parquet,2026-01,SBIN,True
28,raw_synthetic_l2_dense_full_year\trade_month=2026-01\symbol=SUNPHARMA\part-00000.parquet,2026-01,SUNPHARMA,True
29,raw_synthetic_l2_dense_full_year\trade_month=2026-01\symbol=TCS\part-00000.parquet,2026-01,TCS,True
30,raw_synthetic_l2_dense_full_year\trade_month=2026-01\symbol=TECHM\part-00000.parquet,2026-01,TECHM,True
31,raw_synthetic_l2_dense_full_year\trade_month=2026-01\symbol=ULTRACEMCO\part-00000.parquet,2026-01,ULTRACEMCO,True
32,raw_synthetic_l2_dense_full_year\trade_month=2026-01\symbol=WIPRO\part-00000.parquet,2026-01,WIPRO,True
33,raw_synthetic_l2_dense_full_year\trade_month=2026-02\symbol=ADANIPORTS\part-00000.parquet,2026-02,ADANIPORTS,True
34,raw_synthetic_l2_dense_full_year\trade_month=2026-02\symbol=AXISBANK\part-00000.parquet,2026-02,AXISBANK,True
35,raw_synthetic_l2_dense_full_year\trade_month=2026-02\symbol=BAJAJ-AUTO\part-00000.parquet,2026-02,BAJAJ-AUTO,True
36,raw_synthetic_l2_dense_full_year\trade_month=2026-02\symbol=BANKBEES\part-00000.parquet,2026-02,BANKBEES,True
37,raw_synthetic_l2_dense_full_year\trade_month=2026-02\symbol=BHARTIARTL\part-00000.parquet,2026-02,BHARTIARTL,True
38,raw_synthetic_l2_dense_full_year\trade_month=2026-02\symbol=BPCL\part-00000.parquet,2026-02,BPCL,True
39,raw_synthetic_l2_dense_full_year\trade_month=2026-02\symbol=BRITANNIA\part-00000.parquet,2026-02,BRITANNIA,True
40,raw_synthetic_l2_dense_full_year\trade_month=2026-02\symbol=CIPLA\part-00000.parquet,2026-02,CIPLA,True
41,raw_synthetic_l2_dense_full_year\trade_month=2026-02\symbol=DRREDDY\part-00000.parquet,2026-02,DRREDDY,True
42,raw_synthetic_l2_dense_full_year\trade_month=2026-02\symbol=GOLDBEES\part-00000.parquet,2026-02,GOLDBEES,True
43,raw_synthetic_l2_dense_full_year\trade_month=2026-02\symbol=HCLTECH\part-00000.parquet,2026-02,HCLTECH,True
44,raw_synthetic_l2_dense_full_year\trade_month=2026-02\symbol=HDFCBANK\part-00000.parquet,2026-02,HDFCBANK,True
45,raw_synthetic_l2_dense_full_year\trade_month=2026-02\symbol=HINDUNILVR\part-00000.parquet,2026-02,HINDUNILVR,True
46,raw_synthetic_l2_dense_full_year\trade_month=2026-02\symbol=ICICIBANK\part-00000.parquet,2026-02,ICICIBANK,True
47,raw_synthetic_l2_dense_full_year\trade_month=2026-02\symbol=INFY\part-00000.parquet,2026-02,INFY,True
48,raw_synthetic_l2_dense_full_year\trade_month=2026-02\symbol=ITBEES\part-00000.parquet,2026-02,ITBEES,True
49,raw_synthetic_l2_dense_full_year\trade_month=2026-02\symbol=ITC\part-00000.parquet,2026-02,ITC,True
50,raw_synthetic_l2_dense_full_year\trade_month=2026-02\symbol=JUNIORBEES\part-00000.parquet,2026-02,JUNIORBEES,True
51,raw_synthetic_l2_dense_full_year\trade_month=2026-02\symbol=KOTAKBANK\part-00000.parquet,2026-02,KOTAKBANK,True
52,raw_synthetic_l2_dense_full_year\trade_month=2026-02\symbol=LT\part-00000.parquet,2026-02,LT,True
53,raw_synthetic_l2_dense_full_year\trade_month=2026-02\symbol=M&M\part-00000.parquet,2026-02,M&M,True
54,raw_synthetic_l2_dense_full_year\trade_month=2026-02\symbol=MARUTI\part-00000.parquet,2026-02,MARUTI,True
55,raw_synthetic_l2_dense_full_year\trade_month=2026-02\symbol=NESTLEIND\part-00000.parquet,2026-02,NESTLEIND,True
56,raw_synthetic_l2_dense_full_year\trade_month=2026-02\symbol=NIFTYBEES\part-00000.parquet,2026-02,NIFTYBEES,True
57,raw_synthetic_l2_dense_full_year\trade_month=2026-02\symbol=ONGC\part-00000.parquet,2026-02,ONGC,True
58,raw_synthetic_l2_dense_full_year\trade_month=2026-02\symbol=RELIANCE\part-00000.parquet,2026-02,RELIANCE,True
59,raw_synthetic_l2_dense_full_year\trade_month=2026-02\symbol=SBIN\part-00000.parquet,2026-02,SBIN,True
60,raw_synthetic_l2_dense_full_year\trade_month=2026-02\symbol=SUNPHARMA\part-00000.parquet,2026-02,SUNPHARMA,True
61,raw_synthetic_l2_dense_full_year\trade_month=2026-02\symbol=TCS\part-00000.parquet,2026-02,TCS,True
62,raw_synthetic_l2_dense_full_year\trade_month=2026-02\symbol=TECHM\part-00000.parquet,2026-02,TECHM,True
63,raw_synthetic_l2_dense_full_year\trade_month=2026-02\symbol=ULTRACEMCO\part-00000.parquet,2026-02,ULTRACEMCO,True
64,raw_synthetic_l2_dense_full_year\trade_month=2026-02\symbol=WIPRO\part-00000.parquet,2026-02,WIPRO,True
65,raw_synthetic_l2_dense_full_year\trade_month=2026-03\symbol=ADANIPORTS\part-00000.parquet,2026-03,ADANIPORTS,True
66,raw_synthetic_l2_dense_full_year\trade_month=2026-03\symbol=AXISBANK\part-00000.parquet,2026-03,AXISBANK,True
67,raw_synthetic_l2_dense_full_year\trade_month=2026-03\symbol=BAJAJ-AUTO\part-00000.parquet,2026-03,BAJAJ-AUTO,True
68,raw_synthetic_l2_dense_full_year\trade_month=2026-03\symbol=BANKBEES\part-00000.parquet,2026-03,BANKBEES,True
69,raw_synthetic_l2_dense_full_year\trade_month=2026-03\symbol=BHARTIARTL\part-00000.parquet,2026-03,BHARTIARTL,True
70,raw_synthetic_l2_dense_full_year\trade_month=2026-03\symbol=BPCL\part-00000.parquet,2026-03,BPCL,True
71,raw_synthetic_l2_dense_full_year\trade_month=2026-03\symbol=BRITANNIA\part-00000.parquet,2026-03,BRITANNIA,True
72,raw_synthetic_l2_dense_full_year\trade_month=2026-03\symbol=CIPLA\part-00000.parquet,2026-03,CIPLA,True
73,raw_synthetic_l2_dense_full_year\trade_month=2026-03\symbol=DRREDDY\part-00000.parquet,2026-03,DRREDDY,True
74,raw_synthetic_l2_dense_full_year\trade_month=2026-03\symbol=GOLDBEES\part-00000.parquet,2026-03,GOLDBEES,True
75,raw_synthetic_l2_dense_full_year\trade_month=2026-03\symbol=HCLTECH\part-00000.parquet,2026-03,HCLTECH,True
76,raw_synthetic_l2_dense_full_year\trade_month=2026-03\symbol=HDFCBANK\part-00000.parquet,2026-03,HDFCBANK,True
77,raw_synthetic_l2_dense_full_year\trade_month=2026-03\symbol=HINDUNILVR\part-00000.parquet,2026-03,HINDUNILVR,True
78,raw_synthetic_l2_dense_full_year\trade_month=2026-03\symbol=ICICIBANK\part-00000.parquet,2026-03,ICICIBANK,True
79,raw_synthetic_l2_dense_full_year\trade_month=2026-03\symbol=INFY\part-00000.parquet,2026-03,INFY,True
80,raw_synthetic_l2_dense_full_year\trade_month=2026-03\symbol=ITBEES\part-00000.parquet,2026-03,ITBEES,True
81,raw_synthetic_l2_dense_full_year\trade_month=2026-03\symbol=ITC\part-00000.parquet,2026-03,ITC,True
82,raw_synthetic_l2_dense_full_year\trade_month=2026-03\symbol=JUNIORBEES\part-00000.parquet,2026-03,JUNIORBEES,True
83,raw_synthetic_l2_dense_full_year\trade_month=2026-03\symbol=KOTAKBANK\part-00000.parquet,2026-03,KOTAKBANK,True
84,raw_synthetic_l2_dense_full_year\trade_month=2026-03\symbol=LT\part-00000.parquet,2026-03,LT,True
85,raw_synthetic_l2_dense_full_year\trade_month=2026-03\symbol=M&M\part-00000.parquet,2026-03,M&M,True
86,raw_synthetic_l2_dense_full_year\trade_month=2026-03\symbol=MARUTI\part-00000.parquet,2026-03,MARUTI,True
87,raw_synthetic_l2_dense_full_year\trade_month=2026-03\symbol=NESTLEIND\part-00000.parquet,2026-03,NESTLEIND,True
88,raw_synthetic_l2_dense_full_year\trade_month=2026-03\symbol=NIFTYBEES\part-00000.parquet,2026-03,NIFTYBEES,True
89,raw_synthetic_l2_dense_full_year\trade_month=2026-03\symbol=ONGC\part-00000.parquet,2026-03,ONGC,True
90,raw_synthetic_l2_dense_full_year\trade_month=2026-03\symbol=RELIANCE\part-00000.parquet,2026-03,RELIANCE,True
91,raw_synthetic_l2_dense_full_year\trade_month=2026-03\symbol=SBIN\part-00000.parquet,2026-03,SBIN,True
92,raw_synthetic_l2_dense_full_year\trade_month=2026-03\symbol=SUNPHARMA\part-00000.parquet,2026-03,SUNPHARMA,True
93,raw_synthetic_l2_dense_full_year\trade_month=2026-03\symbol=TCS\part-00000.parquet,2026-03,TCS,True
94,raw_synthetic_l2_dense_full_year\trade_month=2026-03\symbol=TECHM\part-00000.parquet,2026-03,TECHM,True
95,raw_synthetic_l2_dense_full_year\trade_month=2026-03\symbol=ULTRACEMCO\part-00000.parquet,2026-03,ULTRACEMCO,True
96,raw_synthetic_l2_dense_full_year\trade_month=2026-03\symbol=WIPRO\part-00000.parquet,2026-03,WIPRO,True
97,raw_synthetic_l2_dense_full_year\trade_month=2026-04\symbol=ADANIPORTS\part-00000.parquet,2026-04,ADANIPORTS,True
98,raw_synthetic_l2_dense_full_year\trade_month=2026-04\symbol=AXISBANK\part-00000.parquet,2026-04,AXISBANK,True
99,raw_synthetic_l2_dense_full_year\trade_month=2026-04\symbol=BAJAJ-AUTO\part-00000.parquet,2026-04,BAJAJ-AUTO,True
100,raw_synthetic_l2_dense_full_year\trade_month=2026-04\symbol=BANKBEES\part-00000.parquet,2026-04,BANKBEES,True
101,raw_synthetic_l2_dense_full_year\trade_month=2026-04\symbol=BHARTIARTL\part-00000.parquet,2026-04,BHARTIARTL,True
102,raw_synthetic_l2_dense_full_year\trade_month=2026-04\symbol=BPCL\part-00000.parquet,2026-04,BPCL,True
103,raw_synthetic_l2_dense_full_year\trade_month=2026-04\symbol=BRITANNIA\part-00000.parquet,2026-04,BRITANNIA,True
104,raw_synthetic_l2_dense_full_year\trade_month=2026-04\symbol=CIPLA\part-00000.parquet,2026-04,CIPLA,True
105,raw_synthetic_l2_dense_full_year\trade_month=2026-04\symbol=DRREDDY\part-00000.parquet,2026-04,DRREDDY,True
106,raw_synthetic_l2_dense_full_year\trade_month=2026-04\symbol=GOLDBEES\part-00000.parquet,2026-04,GOLDBEES,True
107,raw_synthetic_l2_dense_full_year\trade_month=2026-04\symbol=HCLTECH\part-00000.parquet,2026-04,HCLTECH,True
108,raw_synthetic_l2_dense_full_year\trade_month=2026-04\symbol=HDFCBANK\part-00000.parquet,2026-04,HDFCBANK,True
109,raw_synthetic_l2_dense_full_year\trade_month=2026-04\symbol=HINDUNILVR\part-00000.parquet,2026-04,HINDUNILVR,True
110,raw_synthetic_l2_dense_full_year\trade_month=2026-04\symbol=ICICIBANK\part-00000.parquet,2026-04,ICICIBANK,True
111,raw_synthetic_l2_dense_full_year\trade_month=2026-04\symbol=INFY\part-00000.parquet,2026-04,INFY,True
112,raw_synthetic_l2_dense_full_year\trade_month=2026-04\symbol=ITBEES\part-00000.parquet,2026-04,ITBEES,True
113,raw_synthetic_l2_dense_full_year\trade_month=2026-04\symbol=ITC\part-00000.parquet,2026-04,ITC,True
114,raw_synthetic_l2_dense_full_year\trade_month=2026-04\symbol=JUNIORBEES\part-00000.parquet,2026-04,JUNIORBEES,True
115,raw_synthetic_l2_dense_full_year\trade_month=2026-04\symbol=KOTAKBANK\part-00000.parquet,2026-04,KOTAKBANK,True
116,raw_synthetic_l2_dense_full_year\trade_month=2026-04\symbol=LT\part-00000.parquet,2026-04,LT,True
117,raw_synthetic_l2_dense_full_year\trade_month=2026-04\symbol=M&M\part-00000.parquet,2026-04,M&M,True
118,raw_synthetic_l2_dense_full_year\trade_month=2026-04\symbol=MARUTI\part-00000.parquet,2026-04,MARUTI,True
119,raw_synthetic_l2_dense_full_year\trade_month=2026-04\symbol=NESTLEIND\part-00000.parquet,2026-04,NESTLEIND,True
120,raw_synthetic_l2_dense_full_year\trade_month=2026-04\symbol=NIFTYBEES\part-00000.parquet,2026-04,NIFTYBEES,True
121,raw_synthetic_l2_dense_full_year\trade_month=2026-04\symbol=ONGC\part-00000.parquet,2026-04,ONGC,True
122,raw_synthetic_l2_dense_full_year\trade_month=2026-04\symbol=RELIANCE\part-00000.parquet,2026-04,RELIANCE,True
123,raw_synthetic_l2_dense_full_year\trade_month=2026-04\symbol=SBIN\part-00000.parquet,2026-04,SBIN,True
124,raw_synthetic_l2_dense_full_year\trade_month=2026-04\symbol=SUNPHARMA\part-00000.parquet,2026-04,SUNPHARMA,True
125,raw_synthetic_l2_dense_full_year\trade_month=2026-04\symbol=TCS\part-00000.parquet,2026-04,TCS,True
126,raw_synthetic_l2_dense_full_year\trade_month=2026-04\symbol=TECHM\part-00000.parquet,2026-04,TECHM,True
127,raw_synthetic_l2_dense_full_year\trade_month=2026-04\symbol=ULTRACEMCO\part-00000.parquet,2026-04,ULTRACEMCO,True
128,raw_synthetic_l2_dense_full_year\trade_month=2026-04\symbol=WIPRO\part-00000.parquet,2026-04,WIPRO,True
129,raw_synthetic_l2_dense_full_year\trade_month=2026-05\symbol=ADANIPORTS\part-00000.parquet,2026-05,ADANIPORTS,True
130,raw_synthetic_l2_dense_full_year\trade_month=2026-05\symbol=AXISBANK\part-00000.parquet,2026-05,AXISBANK,True
131,raw_synthetic_l2_dense_full_year\trade_month=2026-05\symbol=BAJAJ-AUTO\part-00000.parquet,2026-05,BAJAJ-AUTO,True
132,raw_synthetic_l2_dense_full_year\trade_month=2026-05\symbol=BANKBEES\part-00000.parquet,2026-05,BANKBEES,True
133,raw_synthetic_l2_dense_full_year\trade_month=2026-05\symbol=BHARTIARTL\part-00000.parquet,2026-05,BHARTIARTL,True
134,raw_synthetic_l2_dense_full_year\trade_month=2026-05\symbol=BPCL\part-00000.parquet,2026-05,BPCL,True
135,raw_synthetic_l2_dense_full_year\trade_month=2026-05\symbol=BRITANNIA\part-00000.parquet,2026-05,BRITANNIA,True
136,raw_synthetic_l2_dense_full_year\trade_month=2026-05\symbol=CIPLA\part-00000.parquet,2026-05,CIPLA,True
137,raw_synthetic_l2_dense_full_year\trade_month=2026-05\symbol=DRREDDY\part-00000.parquet,2026-05,DRREDDY,True
138,raw_synthetic_l2_dense_full_year\trade_month=2026-05\symbol=GOLDBEES\part-00000.parquet,2026-05,GOLDBEES,True
139,raw_synthetic_l2_dense_full_year\trade_month=2026-05\symbol=HCLTECH\part-00000.parquet,2026-05,HCLTECH,True
140,raw_synthetic_l2_dense_full_year\trade_month=2026-05\symbol=HDFCBANK\part-00000.parquet,2026-05,HDFCBANK,True
141,raw_synthetic_l2_dense_full_year\trade_month=2026-05\symbol=HINDUNILVR\part-00000.parquet,2026-05,HINDUNILVR,True
142,raw_synthetic_l2_dense_full_year\trade_month=2026-05\symbol=ICICIBANK\part-00000.parquet,2026-05,ICICIBANK,True
143,raw_synthetic_l2_dense_full_year\trade_month=2026-05\symbol=INFY\part-00000.parquet,2026-05,INFY,True
144,raw_synthetic_l2_dense_full_year\trade_month=2026-05\symbol=ITBEES\part-00000.parquet,2026-05,ITBEES,True
145,raw_synthetic_l2_dense_full_year\trade_month=2026-05\symbol=ITC\part-00000.parquet,2026-05,ITC,True
146,raw_synthetic_l2_dense_full_year\trade_month=2026-05\symbol=JUNIORBEES\part-00000.parquet,2026-05,JUNIORBEES,True
147,raw_synthetic_l2_dense_full_year\trade_month=2026-05\symbol=KOTAKBANK\part-00000.parquet,2026-05,KOTAKBANK,True
148,raw_synthetic_l2_dense_full_year\trade_month=2026-05\symbol=LT\part-00000.parquet,2026-05,LT,True
149,raw_synthetic_l2_dense_full_year\trade_month=2026-05\symbol=M&M\part-00000.parquet,2026-05,M&M,True
150,raw_synthetic_l2_dense_full_year\trade_month=2026-05\symbol=MARUTI\part-00000.parquet,2026-05,MARUTI,True
151,raw_synthetic_l2_dense_full_year\trade_month=2026-05\symbol=NESTLEIND\part-00000.parquet,2026-05,NESTLEIND,True
152,raw_synthetic_l2_dense_full_year\trade_month=2026-05\symbol=NIFTYBEES\part-00000.parquet,2026-05,NIFTYBEES,True
153,raw_synthetic_l2_dense_full_year\trade_month=2026-05\symbol=ONGC\part-00000.parquet,2026-05,ONGC,True
154,raw_synthetic_l2_dense_full_year\trade_month=2026-05\symbol=RELIANCE\part-00000.parquet,2026-05,RELIANCE,True
155,raw_synthetic_l2_dense_full_year\trade_month=2026-05\symbol=SBIN\part-00000.parquet,2026-05,SBIN,True
156,raw_synthetic_l2_dense_full_year\trade_month=2026-05\symbol=SUNPHARMA\part-00000.parquet,2026-05,SUNPHARMA,True
157,raw_synthetic_l2_dense_full_year\trade_month=2026-05\symbol=TCS\part-00000.parquet,2026-05,TCS,True
158,raw_synthetic_l2_dense_full_year\trade_month=2026-05\symbol=TECHM\part-00000.parquet,2026-05,TECHM,True
159,raw_synthetic_l2_dense_full_year\trade_month=2026-05\symbol=ULTRACEMCO\part-00000.parquet,2026-05,ULTRACEMCO,True
160,raw_synthetic_l2_dense_full_year\trade_month=2026-05\symbol=WIPRO\part-00000.parquet,2026-05,WIPRO,True
161,raw_synthetic_l2_dense_full_year\trade_month=2026-06\symbol=ADANIPORTS\part-00000.parquet,2026-06,ADANIPORTS,True
162,raw_synthetic_l2_dense_full_year\trade_month=2026-06\symbol=AXISBANK\part-00000.parquet,2026-06,AXISBANK,True
163,raw_synthetic_l2_dense_full_year\trade_month=2026-06\symbol=BAJAJ-AUTO\part-00000.parquet,2026-06,BAJAJ-AUTO,True
164,raw_synthetic_l2_dense_full_year\trade_month=2026-06\symbol=BANKBEES\part-00000.parquet,2026-06,BANKBEES,True
165,raw_synthetic_l2_dense_full_year\trade_month=2026-06\symbol=BHARTIARTL\part-00000.parquet,2026-06,BHARTIARTL,True
166,raw_synthetic_l2_dense_full_year\trade_month=2026-06\symbol=BPCL\part-00000.parquet,2026-06,BPCL,True
167,raw_synthetic_l2_dense_full_year\trade_month=2026-06\symbol=BRITANNIA\part-00000.parquet,2026-06,BRITANNIA,True
168,raw_synthetic_l2_dense_full_year\trade_month=2026-06\symbol=CIPLA\part-00000.parquet,2026-06,CIPLA,True
169,raw_synthetic_l2_dense_full_year\trade_month=2026-06\symbol=DRREDDY\part-00000.parquet,2026-06,DRREDDY,True
170,raw_synthetic_l2_dense_full_year\trade_month=2026-06\symbol=GOLDBEES\part-00000.parquet,2026-06,GOLDBEES,True
171,raw_synthetic_l2_dense_full_year\trade_month=2026-06\symbol=HCLTECH\part-00000.parquet,2026-06,HCLTECH,True
172,raw_synthetic_l2_dense_full_year\trade_month=2026-06\symbol=HDFCBANK\part-00000.parquet,2026-06,HDFCBANK,True
173,raw_synthetic_l2_dense_full_year\trade_month=2026-06\symbol=HINDUNILVR\part-00000.parquet,2026-06,HINDUNILVR,True
174,raw_synthetic_l2_dense_full_year\trade_month=2026-06\symbol=ICICIBANK\part-00000.parquet,2026-06,ICICIBANK,True
175,raw_synthetic_l2_dense_full_year\trade_month=2026-06\symbol=INFY\part-00000.parquet,2026-06,INFY,True
176,raw_synthetic_l2_dense_full_year\trade_month=2026-06\symbol=ITBEES\part-00000.parquet,2026-06,ITBEES,True
177,raw_synthetic_l2_dense_full_year\trade_month=2026-06\symbol=ITC\part-00000.parquet,2026-06,ITC,True
178,raw_synthetic_l2_dense_full_year\trade_month=2026-06\symbol=JUNIORBEES\part-00000.parquet,2026-06,JUNIORBEES,True
179,raw_synthetic_l2_dense_full_year\trade_month=2026-06\symbol=KOTAKBANK\part-00000.parquet,2026-06,KOTAKBANK,True
180,raw_synthetic_l2_dense_full_year\trade_month=2026-06\symbol=LT\part-00000.parquet,2026-06,LT,True
181,raw_synthetic_l2_dense_full_year\trade_month=2026-06\symbol=M&M\part-00000.parquet,2026-06,M&M,True
182,raw_synthetic_l2_dense_full_year\trade_month=2026-06\symbol=MARUTI\part-00000.parquet,2026-06,MARUTI,True
183,raw_synthetic_l2_dense_full_year\trade_month=2026-06\symbol=NESTLEIND\part-00000.parquet,2026-06,NESTLEIND,True
184,raw_synthetic_l2_dense_full_year\trade_month=2026-06\symbol=NIFTYBEES\part-00000.parquet,2026-06,NIFTYBEES,True
185,raw_synthetic_l2_dense_full_year\trade_month=2026-06\symbol=ONGC\part-00000.parquet,2026-06,ONGC,True
186,raw_synthetic_l2_dense_full_year\trade_month=2026-06\symbol=RELIANCE\part-00000.parquet,2026-06,RELIANCE,True
187,raw_synthetic_l2_dense_full_year\trade_month=2026-06\symbol=SBIN\part-00000.parquet,2026-06,SBIN,True
188,raw_synthetic_l2_dense_full_year\trade_month=2026-06\symbol=SUNPHARMA\part-00000.parquet,2026-06,SUNPHARMA,True
189,raw_synthetic_l2_dense_full_year\trade_month=2026-06\symbol=TCS\part-00000.parquet,2026-06,TCS,True
190,raw_synthetic_l2_dense_full_year\trade_month=2026-06\symbol=TECHM\part-00000.parquet,2026-06,TECHM,True
191,raw_synthetic_l2_dense_full_year\trade_month=2026-06\symbol=ULTRACEMCO\part-00000.parquet,2026-06,ULTRACEMCO,True
192,raw_synthetic_l2_dense_full_year\trade_month=2026-06\symbol=WIPRO\part-00000.parquet,2026-06,WIPRO,True
193,raw_synthetic_l2_dense_full_year\trade_month=2026-07\symbol=ADANIPORTS\part-00000.parquet,2026-07,ADANIPORTS,True
194,raw_synthetic_l2_dense_full_year\trade_month=2026-07\symbol=AXISBANK\part-00000.parquet,2026-07,AXISBANK,True
195,raw_synthetic_l2_dense_full_year\trade_month=2026-07\symbol=BAJAJ-AUTO\part-00000.parquet,2026-07,BAJAJ-AUTO,True
196,raw_synthetic_l2_dense_full_year\trade_month=2026-07\symbol=BANKBEES\part-00000.parquet,2026-07,BANKBEES,True
197,raw_synthetic_l2_dense_full_year\trade_month=2026-07\symbol=BHARTIARTL\part-00000.parquet,2026-07,BHARTIARTL,True
198,raw_synthetic_l2_dense_full_year\trade_month=2026-07\symbol=BPCL\part-00000.parquet,2026-07,BPCL,True
199,raw_synthetic_l2_dense_full_year\trade_month=2026-07\symbol=BRITANNIA\part-00000.parquet,2026-07,BRITANNIA,True
200,raw_synthetic_l2_dense_full_year\trade_month=2026-07\symbol=CIPLA\part-00000.parquet,2026-07,CIPLA,True
201,raw_synthetic_l2_dense_full_year\trade_month=2026-07\symbol=DRREDDY\part-00000.parquet,2026-07,DRREDDY,True
202,raw_synthetic_l2_dense_full_year\trade_month=2026-07\symbol=GOLDBEES\part-00000.parquet,2026-07,GOLDBEES,True
203,raw_synthetic_l2_dense_full_year\trade_month=2026-07\symbol=HCLTECH\part-00000.parquet,2026-07,HCLTECH,True
204,raw_synthetic_l2_dense_full_year\trade_month=2026-07\symbol=HDFCBANK\part-00000.parquet,2026-07,HDFCBANK,True
205,raw_synthetic_l2_dense_full_year\trade_month=2026-07\symbol=HINDUNILVR\part-00000.parquet,2026-07,HINDUNILVR,True
206,raw_synthetic_l2_dense_full_year\trade_month=2026-07\symbol=ICICIBANK\part-00000.parquet,2026-07,ICICIBANK,True
207,raw_synthetic_l2_dense_full_year\trade_month=2026-07\symbol=INFY\part-00000.parquet,2026-07,INFY,True
208,raw_synthetic_l2_dense_full_year\trade_month=2026-07\symbol=ITBEES\part-00000.parquet,2026-07,ITBEES,True
209,raw_synthetic_l2_dense_full_year\trade_month=2026-07\symbol=ITC\part-00000.parquet,2026-07,ITC,True
210,raw_synthetic_l2_dense_full_year\trade_month=2026-07\symbol=JUNIORBEES\part-00000.parquet,2026-07,JUNIORBEES,True
211,raw_synthetic_l2_dense_full_year\trade_month=2026-07\symbol=KOTAKBANK\part-00000.parquet,2026-07,KOTAKBANK,True
212,raw_synthetic_l2_dense_full_year\trade_month=2026-07\symbol=LT\part-00000.parquet,2026-07,LT,True
213,raw_synthetic_l2_dense_full_year\trade_month=2026-07\symbol=M&M\part-00000.parquet,2026-07,M&M,True
214,raw_synthetic_l2_dense_full_year\trade_month=2026-07\symbol=MARUTI\part-00000.parquet,2026-07,MARUTI,True
215,raw_synthetic_l2_dense_full_year\trade_month=2026-07\symbol=NESTLEIND\part-00000.parquet,2026-07,NESTLEIND,True
216,raw_synthetic_l2_dense_full_year\trade_month=2026-07\symbol=NIFTYBEES\part-00000.parquet,2026-07,NIFTYBEES,True
217,raw_synthetic_l2_dense_full_year\trade_month=2026-07\symbol=ONGC\part-00000.parquet,2026-07,ONGC,True
218,raw_synthetic_l2_dense_full_year\trade_month=2026-07\symbol=RELIANCE\part-00000.parquet,2026-07,RELIANCE,True
219,raw_synthetic_l2_dense_full_year\trade_month=2026-07\symbol=SBIN\part-00000.parquet,2026-07,SBIN,True
220,raw_synthetic_l2_dense_full_year\trade_month=2026-07\symbol=SUNPHARMA\part-00000.parquet,2026-07,SUNPHARMA,True
221,raw_synthetic_l2_dense_full_year\trade_month=2026-07\symbol=TCS\part-00000.parquet,2026-07,TCS,True
222,raw_synthetic_l2_dense_full_year\trade_month=2026-07\symbol=TECHM\part-00000.parquet,2026-07,TECHM,True
223,raw_synthetic_l2_dense_full_year\trade_month=2026-07\symbol=ULTRACEMCO\part-00000.parquet,2026-07,ULTRACEMCO,True
224,raw_synthetic_l2_dense_full_year\trade_month=2026-07\symbol=WIPRO\part-00000.parquet,2026-07,WIPRO,True
225,raw_synthetic_l2_dense_full_year\trade_month=2026-08\symbol=ADANIPORTS\part-00000.parquet,2026-08,ADANIPORTS,True
226,raw_synthetic_l2_dense_full_year\trade_month=2026-08\symbol=AXISBANK\part-00000.parquet,2026-08,AXISBANK,True
227,raw_synthetic_l2_dense_full_year\trade_month=2026-08\symbol=BAJAJ-AUTO\part-00000.parquet,2026-08,BAJAJ-AUTO,True
228,raw_synthetic_l2_dense_full_year\trade_month=2026-08\symbol=BANKBEES\part-00000.parquet,2026-08,BANKBEES,True
229,raw_synthetic_l2_dense_full_year\trade_month=2026-08\symbol=BHARTIARTL\part-00000.parquet,2026-08,BHARTIARTL,True
230,raw_synthetic_l2_dense_full_year\trade_month=2026-08\symbol=BPCL\part-00000.parquet,2026-08,BPCL,True
231,raw_synthetic_l2_dense_full_year\trade_month=2026-08\symbol=BRITANNIA\part-00000.parquet,2026-08,BRITANNIA,True
232,raw_synthetic_l2_dense_full_year\trade_month=2026-08\symbol=CIPLA\part-00000.parquet,2026-08,CIPLA,True
233,raw_synthetic_l2_dense_full_year\trade_month=2026-08\symbol=DRREDDY\part-00000.parquet,2026-08,DRREDDY,True
234,raw_synthetic_l2_dense_full_year\trade_month=2026-08\symbol=GOLDBEES\part-00000.parquet,2026-08,GOLDBEES,True
235,raw_synthetic_l2_dense_full_year\trade_month=2026-08\symbol=HCLTECH\part-00000.parquet,2026-08,HCLTECH,True
236,raw_synthetic_l2_dense_full_year\trade_month=2026-08\symbol=HDFCBANK\part-00000.parquet,2026-08,HDFCBANK,True
237,raw_synthetic_l2_dense_full_year\trade_month=2026-08\symbol=HINDUNILVR\part-00000.parquet,2026-08,HINDUNILVR,True
238,raw_synthetic_l2_dense_full_year\trade_month=2026-08\symbol=ICICIBANK\part-00000.parquet,2026-08,ICICIBANK,True
239,raw_synthetic_l2_dense_full_year\trade_month=2026-08\symbol=INFY\part-00000.parquet,2026-08,INFY,True
240,raw_synthetic_l2_dense_full_year\trade_month=2026-08\symbol=ITBEES\part-00000.parquet,2026-08,ITBEES,True
241,raw_synthetic_l2_dense_full_year\trade_month=2026-08\symbol=ITC\part-00000.parquet,2026-08,ITC,True
242,raw_synthetic_l2_dense_full_year\trade_month=2026-08\symbol=JUNIORBEES\part-00000.parquet,2026-08,JUNIORBEES,True
243,raw_synthetic_l2_dense_full_year\trade_month=2026-08\symbol=KOTAKBANK\part-00000.parquet,2026-08,KOTAKBANK,True
244,raw_synthetic_l2_dense_full_year\trade_month=2026-08\symbol=LT\part-00000.parquet,2026-08,LT,True
245,raw_synthetic_l2_dense_full_year\trade_month=2026-08\symbol=M&M\part-00000.parquet,2026-08,M&M,True
246,raw_synthetic_l2_dense_full_year\trade_month=2026-08\symbol=MARUTI\part-00000.parquet,2026-08,MARUTI,True
247,raw_synthetic_l2_dense_full_year\trade_month=2026-08\symbol=NESTLEIND\part-00000.parquet,2026-08,NESTLEIND,True
248,raw_synthetic_l2_dense_full_year\trade_month=2026-08\symbol=NIFTYBEES\part-00000.parquet,2026-08,NIFTYBEES,True
249,raw_synthetic_l2_dense_full_year\trade_month=2026-08\symbol=ONGC\part-00000.parquet,2026-08,ONGC,True
250,raw_synthetic_l2_dense_full_year\trade_month=2026-08\symbol=RELIANCE\part-00000.parquet,2026-08,RELIANCE,True
251,raw_synthetic_l2_dense_full_year\trade_month=2026-08\symbol=SBIN\part-00000.parquet,2026-08,SBIN,True
252,raw_synthetic_l2_dense_full_year\trade_month=2026-08\symbol=SUNPHARMA\part-00000.parquet,2026-08,SUNPHARMA,True
253,raw_synthetic_l2_dense_full_year\trade_month=2026-08\symbol=TCS\part-00000.parquet,2026-08,TCS,True
254,raw_synthetic_l2_dense_full_year\trade_month=2026-08\symbol=TECHM\part-00000.parquet,2026-08,TECHM,True
255,raw_synthetic_l2_dense_full_year\trade_month=2026-08\symbol=ULTRACEMCO\part-00000.parquet,2026-08,ULTRACEMCO,True
256,raw_synthetic_l2_dense_full_year\trade_month=2026-08\symbol=WIPRO\part-00000.parquet,2026-08,WIPRO,True
257,raw_synthetic_l2_dense_full_year\trade_month=2026-09\symbol=ADANIPORTS\part-00000.parquet,2026-09,ADANIPORTS,True
258,raw_synthetic_l2_dense_full_year\trade_month=2026-09\symbol=AXISBANK\part-00000.parquet,2026-09,AXISBANK,True
259,raw_synthetic_l2_dense_full_year\trade_month=2026-09\symbol=BAJAJ-AUTO\part-00000.parquet,2026-09,BAJAJ-AUTO,True
260,raw_synthetic_l2_dense_full_year\trade_month=2026-09\symbol=BANKBEES\part-00000.parquet,2026-09,BANKBEES,True
261,raw_synthetic_l2_dense_full_year\trade_month=2026-09\symbol=BHARTIARTL\part-00000.parquet,2026-09,BHARTIARTL,True
262,raw_synthetic_l2_dense_full_year\trade_month=2026-09\symbol=BPCL\part-00000.parquet,2026-09,BPCL,True
263,raw_synthetic_l2_dense_full_year\trade_month=2026-09\symbol=BRITANNIA\part-00000.parquet,2026-09,BRITANNIA,True
264,raw_synthetic_l2_dense_full_year\trade_month=2026-09\symbol=CIPLA\part-00000.parquet,2026-09,CIPLA,True
265,raw_synthetic_l2_dense_full_year\trade_month=2026-09\symbol=DRREDDY\part-00000.parquet,2026-09,DRREDDY,True
266,raw_synthetic_l2_dense_full_year\trade_month=2026-09\symbol=GOLDBEES\part-00000.parquet,2026-09,GOLDBEES,True
267,raw_synthetic_l2_dense_full_year\trade_month=2026-09\symbol=HCLTECH\part-00000.parquet,2026-09,HCLTECH,True
268,raw_synthetic_l2_dense_full_year\trade_month=2026-09\symbol=HDFCBANK\part-00000.parquet,2026-09,HDFCBANK,True
269,raw_synthetic_l2_dense_full_year\trade_month=2026-09\symbol=HINDUNILVR\part-00000.parquet,2026-09,HINDUNILVR,True
270,raw_synthetic_l2_dense_full_year\trade_month=2026-09\symbol=ICICIBANK\part-00000.parquet,2026-09,ICICIBANK,True
271,raw_synthetic_l2_dense_full_year\trade_month=2026-09\symbol=INFY\part-00000.parquet,2026-09,INFY,True
272,raw_synthetic_l2_dense_full_year\trade_month=2026-09\symbol=ITBEES\part-00000.parquet,2026-09,ITBEES,True
273,raw_synthetic_l2_dense_full_year\trade_month=2026-09\symbol=ITC\part-00000.parquet,2026-09,ITC,True
274,raw_synthetic_l2_dense_full_year\trade_month=2026-09\symbol=JUNIORBEES\part-00000.parquet,2026-09,JUNIORBEES,True
275,raw_synthetic_l2_dense_full_year\trade_month=2026-09\symbol=KOTAKBANK\part-00000.parquet,2026-09,KOTAKBANK,True
276,raw_synthetic_l2_dense_full_year\trade_month=2026-09\symbol=LT\part-00000.parquet,2026-09,LT,True
277,raw_synthetic_l2_dense_full_year\trade_month=2026-09\symbol=M&M\part-00000.parquet,2026-09,M&M,True
278,raw_synthetic_l2_dense_full_year\trade_month=2026-09\symbol=MARUTI\part-00000.parquet,2026-09,MARUTI,True
279,raw_synthetic_l2_dense_full_year\trade_month=2026-09\symbol=NESTLEIND\part-00000.parquet,2026-09,NESTLEIND,True
280,raw_synthetic_l2_dense_full_year\trade_month=2026-09\symbol=NIFTYBEES\part-00000.parquet,2026-09,NIFTYBEES,True
281,raw_synthetic_l2_dense_full_year\trade_month=2026-09\symbol=ONGC\part-00000.parquet,2026-09,ONGC,True
282,raw_synthetic_l2_dense_full_year\trade_month=2026-09\symbol=RELIANCE\part-00000.parquet,2026-09,RELIANCE,True
283,raw_synthetic_l2_dense_full_year\trade_month=2026-09\symbol=SBIN\part-00000.parquet,2026-09,SBIN,True
284,raw_synthetic_l2_dense_full_year\trade_month=2026-09\symbol=SUNPHARMA\part-00000.parquet,2026-09,SUNPHARMA,True
285,raw_synthetic_l2_dense_full_year\trade_month=2026-09\symbol=TCS\part-00000.parquet,2026-09,TCS,True
286,raw_synthetic_l2_dense_full_year\trade_month=2026-09\symbol=TECHM\part-00000.parquet,2026-09,TECHM,True
287,raw_synthetic_l2_dense_full_year\trade_month=2026-09\symbol=ULTRACEMCO\part-00000.parquet,2026-09,ULTRACEMCO,True
288,raw_synthetic_l2_dense_full_year\trade_month=2026-09\symbol=WIPRO\part-00000.parquet,2026-09,WIPRO,True
289,raw_synthetic_l2_dense_full_year\trade_month=2026-10\symbol=ADANIPORTS\part-00000.parquet,2026-10,ADANIPORTS,True
290,raw_synthetic_l2_dense_full_year\trade_month=2026-10\symbol=AXISBANK\part-00000.parquet,2026-10,AXISBANK,True
291,raw_synthetic_l2_dense_full_year\trade_month=2026-10\symbol=BAJAJ-AUTO\part-00000.parquet,2026-10,BAJAJ-AUTO,True
292,raw_synthetic_l2_dense_full_year\trade_month=2026-10\symbol=BANKBEES\part-00000.parquet,2026-10,BANKBEES,True
293,raw_synthetic_l2_dense_full_year\trade_month=2026-10\symbol=BHARTIARTL\part-00000.parquet,2026-10,BHARTIARTL,True
294,raw_synthetic_l2_dense_full_year\trade_month=2026-10\symbol=BPCL\part-00000.parquet,2026-10,BPCL,True
295,raw_synthetic_l2_dense_full_year\trade_month=2026-10\symbol=BRITANNIA\part-00000.parquet,2026-10,BRITANNIA,True
296,raw_synthetic_l2_dense_full_year\trade_month=2026-10\symbol=CIPLA\part-00000.parquet,2026-10,CIPLA,True
297,raw_synthetic_l2_dense_full_year\trade_month=2026-10\symbol=DRREDDY\part-00000.parquet,2026-10,DRREDDY,True
298,raw_synthetic_l2_dense_full_year\trade_month=2026-10\symbol=GOLDBEES\part-00000.parquet,2026-10,GOLDBEES,True
299,raw_synthetic_l2_dense_full_year\trade_month=2026-10\symbol=HCLTECH\part-00000.parquet,2026-10,HCLTECH,True
300,raw_synthetic_l2_dense_full_year\trade_month=2026-10\symbol=HDFCBANK\part-00000.parquet,2026-10,HDFCBANK,True
301,raw_synthetic_l2_dense_full_year\trade_month=2026-10\symbol=HINDUNILVR\part-00000.parquet,2026-10,HINDUNILVR,True
302,raw_synthetic_l2_dense_full_year\trade_month=2026-10\symbol=ICICIBANK\part-00000.parquet,2026-10,ICICIBANK,True
303,raw_synthetic_l2_dense_full_year\trade_month=2026-10\symbol=INFY\part-00000.parquet,2026-10,INFY,True
304,raw_synthetic_l2_dense_full_year\trade_month=2026-10\symbol=ITBEES\part-00000.parquet,2026-10,ITBEES,True
305,raw_synthetic_l2_dense_full_year\trade_month=2026-10\symbol=ITC\part-00000.parquet,2026-10,ITC,True
306,raw_synthetic_l2_dense_full_year\trade_month=2026-10\symbol=JUNIORBEES\part-00000.parquet,2026-10,JUNIORBEES,True
307,raw_synthetic_l2_dense_full_year\trade_month=2026-10\symbol=KOTAKBANK\part-00000.parquet,2026-10,KOTAKBANK,True
308,raw_synthetic_l2_dense_full_year\trade_month=2026-10\symbol=LT\part-00000.parquet,2026-10,LT,True
309,raw_synthetic_l2_dense_full_year\trade_month=2026-10\symbol=M&M\part-00000.parquet,2026-10,M&M,True
310,raw_synthetic_l2_dense_full_year\trade_month=2026-10\symbol=MARUTI\part-00000.parquet,2026-10,MARUTI,True
311,raw_synthetic_l2_dense_full_year\trade_month=2026-10\symbol=NESTLEIND\part-00000.parquet,2026-10,NESTLEIND,True
312,raw_synthetic_l2_dense_full_year\trade_month=2026-10\symbol=NIFTYBEES\part-00000.parquet,2026-10,NIFTYBEES,True
313,raw_synthetic_l2_dense_full_year\trade_month=2026-10\symbol=ONGC\part-00000.parquet,2026-10,ONGC,True
314,raw_synthetic_l2_dense_full_year\trade_month=2026-10\symbol=RELIANCE\part-00000.parquet,2026-10,RELIANCE,True
315,raw_synthetic_l2_dense_full_year\trade_month=2026-10\symbol=SBIN\part-00000.parquet,2026-10,SBIN,True
316,raw_synthetic_l2_dense_full_year\trade_month=2026-10\symbol=SUNPHARMA\part-00000.parquet,2026-10,SUNPHARMA,True
317,raw_synthetic_l2_dense_full_year\trade_month=2026-10\symbol=TCS\part-00000.parquet,2026-10,TCS,True
318,raw_synthetic_l2_dense_full_year\trade_month=2026-10\symbol=TECHM\part-00000.parquet,2026-10,TECHM,True
319,raw_synthetic_l2_dense_full_year\trade_month=2026-10\symbol=ULTRACEMCO\part-00000.parquet,2026-10,ULTRACEMCO,True
320,raw_synthetic_l2_dense_full_year\trade_month=2026-10\symbol=WIPRO\part-00000.parquet,2026-10,WIPRO,True
321,raw_synthetic_l2_dense_full_year\trade_month=2026-11\symbol=ADANIPORTS\part-00000.parquet,2026-11,ADANIPORTS,True
322,raw_synthetic_l2_dense_full_year\trade_month=2026-11\symbol=AXISBANK\part-00000.parquet,2026-11,AXISBANK,True
323,raw_synthetic_l2_dense_full_year\trade_month=2026-11\symbol=BAJAJ-AUTO\part-00000.parquet,2026-11,BAJAJ-AUTO,True
324,raw_synthetic_l2_dense_full_year\trade_month=2026-11\symbol=BANKBEES\part-00000.parquet,2026-11,BANKBEES,True
325,raw_synthetic_l2_dense_full_year\trade_month=2026-11\symbol=BHARTIARTL\part-00000.parquet,2026-11,BHARTIARTL,True
326,raw_synthetic_l2_dense_full_year\trade_month=2026-11\symbol=BPCL\part-00000.parquet,2026-11,BPCL,True
327,raw_synthetic_l2_dense_full_year\trade_month=2026-11\symbol=BRITANNIA\part-00000.parquet,2026-11,BRITANNIA,True
328,raw_synthetic_l2_dense_full_year\trade_month=2026-11\symbol=CIPLA\part-00000.parquet,2026-11,CIPLA,True
329,raw_synthetic_l2_dense_full_year\trade_month=2026-11\symbol=DRREDDY\part-00000.parquet,2026-11,DRREDDY,True
330,raw_synthetic_l2_dense_full_year\trade_month=2026-11\symbol=GOLDBEES\part-00000.parquet,2026-11,GOLDBEES,True
331,raw_synthetic_l2_dense_full_year\trade_month=2026-11\symbol=HCLTECH\part-00000.parquet,2026-11,HCLTECH,True
332,raw_synthetic_l2_dense_full_year\trade_month=2026-11\symbol=HDFCBANK\part-00000.parquet,2026-11,HDFCBANK,True
333,raw_synthetic_l2_dense_full_year\trade_month=2026-11\symbol=HINDUNILVR\part-00000.parquet,2026-11,HINDUNILVR,True
334,raw_synthetic_l2_dense_full_year\trade_month=2026-11\symbol=ICICIBANK\part-00000.parquet,2026-11,ICICIBANK,True
335,raw_synthetic_l2_dense_full_year\trade_month=2026-11\symbol=INFY\part-00000.parquet,2026-11,INFY,True
336,raw_synthetic_l2_dense_full_year\trade_month=2026-11\symbol=ITBEES\part-00000.parquet,2026-11,ITBEES,True
337,raw_synthetic_l2_dense_full_year\trade_month=2026-11\symbol=ITC\part-00000.parquet,2026-11,ITC,True
338,raw_synthetic_l2_dense_full_year\trade_month=2026-11\symbol=JUNIORBEES\part-00000.parquet,2026-11,JUNIORBEES,True
339,raw_synthetic_l2_dense_full_year\trade_month=2026-11\symbol=KOTAKBANK\part-00000.parquet,2026-11,KOTAKBANK,True
340,raw_synthetic_l2_dense_full_year\trade_month=2026-11\symbol=LT\part-00000.parquet,2026-11,LT,True
341,raw_synthetic_l2_dense_full_year\trade_month=2026-11\symbol=M&M\part-00000.parquet,2026-11,M&M,True
342,raw_synthetic_l2_dense_full_year\trade_month=2026-11\symbol=MARUTI\part-00000.parquet,2026-11,MARUTI,True
343,raw_synthetic_l2_dense_full_year\trade_month=2026-11\symbol=NESTLEIND\part-00000.parquet,2026-11,NESTLEIND,True
344,raw_synthetic_l2_dense_full_year\trade_month=2026-11\symbol=NIFTYBEES\part-00000.parquet,2026-11,NIFTYBEES,True
345,raw_synthetic_l2_dense_full_year\trade_month=2026-11\symbol=ONGC\part-00000.parquet,2026-11,ONGC,True
346,raw_synthetic_l2_dense_full_year\trade_month=2026-11\symbol=RELIANCE\part-00000.parquet,2026-11,RELIANCE,True
347,raw_synthetic_l2_dense_full_year\trade_month=2026-11\symbol=SBIN\part-00000.parquet,2026-11,SBIN,True
348,raw_synthetic_l2_dense_full_year\trade_month=2026-11\symbol=SUNPHARMA\part-00000.parquet,2026-11,SUNPHARMA,True
349,raw_synthetic_l2_dense_full_year\trade_month=2026-11\symbol=TCS\part-00000.parquet,2026-11,TCS,True
350,raw_synthetic_l2_dense_full_year\trade_month=2026-11\symbol=TECHM\part-00000.parquet,2026-11,TECHM,True
351,raw_synthetic_l2_dense_full_year\trade_month=2026-11\symbol=ULTRACEMCO\part-00000.parquet,2026-11,ULTRACEMCO,True
352,raw_synthetic_l2_dense_full_year\trade_month=2026-11\symbol=WIPRO\part-00000.parquet,2026-11,WIPRO,True
353,raw_synthetic_l2_dense_full_year\trade_month=2026-12\symbol=ADANIPORTS\part-00000.parquet,2026-12,ADANIPORTS,True
354,raw_synthetic_l2_dense_full_year\trade_month=2026-12\symbol=AXISBANK\part-00000.parquet,2026-12,AXISBANK,True
355,raw_synthetic_l2_dense_full_year\trade_month=2026-12\symbol=BAJAJ-AUTO\part-00000.parquet,2026-12,BAJAJ-AUTO,True
356,raw_synthetic_l2_dense_full_year\trade_month=2026-12\symbol=BANKBEES\part-00000.parquet,2026-12,BANKBEES,True
357,raw_synthetic_l2_dense_full_year\trade_month=2026-12\symbol=BHARTIARTL\part-00000.parquet,2026-12,BHARTIARTL,True
358,raw_synthetic_l2_dense_full_year\trade_month=2026-12\symbol=BPCL\part-00000.parquet,2026-12,BPCL,True
359,raw_synthetic_l2_dense_full_year\trade_month=2026-12\symbol=BRITANNIA\part-00000.parquet,2026-12,BRITANNIA,True
360,raw_synthetic_l2_dense_full_year\trade_month=2026-12\symbol=CIPLA\part-00000.parquet,2026-12,CIPLA,True
361,raw_synthetic_l2_dense_full_year\trade_month=2026-12\symbol=DRREDDY\part-00000.parquet,2026-12,DRREDDY,True
362,raw_synthetic_l2_dense_full_year\trade_month=2026-12\symbol=GOLDBEES\part-00000.parquet,2026-12,GOLDBEES,True
363,raw_synthetic_l2_dense_full_year\trade_month=2026-12\symbol=HCLTECH\part-00000.parquet,2026-12,HCLTECH,True
364,raw_synthetic_l2_dense_full_year\trade_month=2026-12\symbol=HDFCBANK\part-00000.parquet,2026-12,HDFCBANK,True
365,raw_synthetic_l2_dense_full_year\trade_month=2026-12\symbol=HINDUNILVR\part-00000.parquet,2026-12,HINDUNILVR,True
366,raw_synthetic_l2_dense_full_year\trade_month=2026-12\symbol=ICICIBANK\part-00000.parquet,2026-12,ICICIBANK,True
367,raw_synthetic_l2_dense_full_year\trade_month=2026-12\symbol=INFY\part-00000.parquet,2026-12,INFY,True
368,raw_synthetic_l2_dense_full_year\trade_month=2026-12\symbol=ITBEES\part-00000.parquet,2026-12,ITBEES,True
369,raw_synthetic_l2_dense_full_year\trade_month=2026-12\symbol=ITC\part-00000.parquet,2026-12,ITC,True
370,raw_synthetic_l2_dense_full_year\trade_month=2026-12\symbol=JUNIORBEES\part-00000.parquet,2026-12,JUNIORBEES,True
371,raw_synthetic_l2_dense_full_year\trade_month=2026-12\symbol=KOTAKBANK\part-00000.parquet,2026-12,KOTAKBANK,True
372,raw_synthetic_l2_dense_full_year\trade_month=2026-12\symbol=LT\part-00000.parquet,2026-12,LT,True
373,raw_synthetic_l2_dense_full_year\trade_month=2026-12\symbol=M&M\part-00000.parquet,2026-12,M&M,True
374,raw_synthetic_l2_dense_full_year\trade_month=2026-12\symbol=MARUTI\part-00000.parquet,2026-12,MARUTI,True
375,raw_synthetic_l2_dense_full_year\trade_month=2026-12\symbol=NESTLEIND\part-00000.parquet,2026-12,NESTLEIND,True
376,raw_synthetic_l2_dense_full_year\trade_month=2026-12\symbol=NIFTYBEES\part-00000.parquet,2026-12,NIFTYBEES,True
377,raw_synthetic_l2_dense_full_year\trade_month=2026-12\symbol=ONGC\part-00000.parquet,2026-12,ONGC,True
378,raw_synthetic_l2_dense_full_year\trade_month=2026-12\symbol=RELIANCE\part-00000.parquet,2026-12,RELIANCE,True
379,raw_synthetic_l2_dense_full_year\trade_month=2026-12\symbol=SBIN\part-00000.parquet,2026-12,SBIN,True
380,raw_synthetic_l2_dense_full_year\trade_month=2026-12\symbol=SUNPHARMA\part-00000.parquet,2026-12,SUNPHARMA,True
381,raw_synthetic_l2_dense_full_year\trade_month=2026-12\symbol=TCS\part-00000.parquet,2026-12,TCS,True
382,raw_synthetic_l2_dense_full_year\trade_month=2026-12\symbol=TECHM\part-00000.parquet,2026-12,TECHM,True
383,raw_synthetic_l2_dense_full_year\trade_month=2026-12\symbol=ULTRACEMCO\part-00000.parquet,2026-12,ULTRACEMCO,True
384,raw_synthetic_l2_dense_full_year\trade_month=2026-12\symbol=WIPRO\part-00000.parquet,2026-12,WIPRO,True
